{"cameraMode":{"drawMode":0,"name":"Shaded","section":"Shading Mode"},"sceneLighting":false,"audioPlay":false,"sceneViewState":{"m_AlwaysRefresh":false,"showFog":true,"showSkybox":false,"showFlares":true,"showImageEffects":true,"showParticleSystems":true,"showVisualEffectGraphs":true,"m_FxEnabled":true},"in2DMode":false,"pivot":{"x":0.06542690098285675,"y":1.0990064144134522,"z":0.3934820294380188},"rotation":{"x":0.012078283354640007,"y":-0.9529634714126587,"z":-0.03832107037305832,"w":-0.30042803287506106},"size":0.5660253763198853,"orthographic":false}